{"stats":{"minecraft:mined":{"minecraft:grass_block":6,"minecraft:spruce_leaves":4,"minecraft:fire":2,"minecraft:stone":40,"minecraft:crimson_nylium":1,"minecraft:crafting_table":1,"minecraft:lime_shulker_box":1,"minecraft:birch_log":137,"minecraft:spruce_log":7,"minecraft:birch_leaves":4,"minecraft:grass":3,"minecraft:dirt":6},"minecraft:dropped":{"minecraft:crimson_planks":15,"minecraft:golden_boots":1,"minecraft:iron_ingot":40,"minecraft:iron_sword":24,"minecraft:moss_block":1,"minecraft:porkchop":6,"minecraft:wheat_seeds":6,"minecraft:respawn_anchor":1,"minecraft:lapis_lazuli":19,"minecraft:oak_log":1,"minecraft:diamond":6,"minecraft:ender_pearl":16,"minecraft:lime_shulker_box":1,"minecraft:crafting_table":1,"minecraft:cooked_porkchop":11,"minecraft:diamond_leggings":1,"minecraft:glow_berries":2,"minecraft:book":2,"minecraft:iron_helmet":3,"minecraft:cobblestone":587,"minecraft:spectral_arrow":2,"minecraft:lantern":20,"minecraft:leather":3,"minecraft:iron_horse_armor":1,"minecraft:saddle":1,"minecraft:music_disc_pigstep":1,"minecraft:chainmail_helmet":2,"minecraft:coal":32,"minecraft:golden_apple":6,"minecraft:item_frame":3,"minecraft:lime_banner":1,"minecraft:cod":1,"minecraft:stick":34,"minecraft:iron_block":4,"minecraft:grass":1,"minecraft:dark_oak_log":66,"minecraft:nether_gold_ore":1,"minecraft:stone_button":36,"minecraft:torch":41,"minecraft:wooden_axe":1,"minecraft:diamond_helmet":2,"minecraft:potion":1,"minecraft:iron_leggings":6,"minecraft:bone_block":1,"minecraft:iron_axe":2,"minecraft:iron_pickaxe":4,"minecraft:chainmail_leggings":2,"minecraft:bucket":2,"minecraft:gold_ingot":4,"minecraft:bone":1,"minecraft:armor_stand":2,"minecraft:gravel":3,"minecraft:stone_axe":2,"minecraft:moss_carpet":5,"minecraft:zombie_spawn_egg":1,"minecraft:sweet_berries":74,"minecraft:soul_soil":1,"minecraft:ancient_debris":4,"minecraft:cobbled_deepslate":450,"minecraft:lime_concrete":2,"minecraft:tuff":1,"minecraft:obsidian":5,"minecraft:raw_iron":30,"minecraft:rotten_flesh":14,"minecraft:oak_planks":230,"minecraft:clay_ball":48,"minecraft:iron_boots":6,"minecraft:enchanted_golden_apple":1,"minecraft:smoker":1,"minecraft:stripped_oak_log":55,"minecraft:glowstone_dust":1,"minecraft:shears":1,"minecraft:warped_planks":14,"minecraft:carrot":10,"minecraft:flint_and_steel":1,"minecraft:chainmail_chestplate":3,"minecraft:blast_furnace":2,"minecraft:deepslate_bricks":4,"minecraft:diamond_sword":5,"minecraft:big_dripleaf":2,"minecraft:potato":5,"minecraft:deepslate_tiles":128,"minecraft:shield":8,"minecraft:diamond_chestplate":2,"minecraft:heavy_weighted_pressure_plate":1,"minecraft:spruce_planks":6,"minecraft:diamond_pickaxe":8,"minecraft:iron_chestplate":6,"minecraft:light_gray_bed":2,"minecraft:glowstone":7,"minecraft:chainmail_boots":2,"minecraft:carved_pumpkin":1,"minecraft:spruce_log":116,"minecraft:spruce_slab":28,"minecraft:wooden_pickaxe":3,"minecraft:beef":1,"minecraft:written_book":2,"minecraft:netherrack":53,"minecraft:spawner":1},"minecraft:picked_up":{"minecraft:wooden_axe":1,"minecraft:crafting_table":2,"minecraft:iron_chestplate":3,"minecraft:clay_ball":48,"minecraft:wooden_pickaxe":3,"minecraft:potion":1,"minecraft:crimson_planks":15,"minecraft:shield":3,"minecraft:heavy_weighted_pressure_plate":1,"minecraft:string":4,"minecraft:moss_carpet":5,"minecraft:iron_axe":2,"minecraft:flint_and_steel":1,"minecraft:iron_leggings":4,"minecraft:armor_stand":2,"minecraft:deepslate_tiles":64,"minecraft:cobbled_deepslate":450,"minecraft:bucket":2,"minecraft:spruce_planks":5,"minecraft:beef":1,"minecraft:oak_boat":1,"minecraft:written_book":1,"minecraft:iron_pickaxe":2,"minecraft:spruce_slab":28,"minecraft:iron_boots":4,"minecraft:lime_shulker_box":4,"minecraft:stick":32,"minecraft:raw_iron":30,"minecraft:big_dripleaf":2,"minecraft:torch":41,"minecraft:porkchop":16,"minecraft:stone_button":28,"minecraft:music_disc_pigstep":1,"minecraft:warped_planks":14,"minecraft:carrot":10,"minecraft:iron_horse_armor":1,"minecraft:light_gray_bed":1,"minecraft:arrow":1,"minecraft:rotten_flesh":17,"minecraft:shears":1,"minecraft:saddle":1,"minecraft:blaze_rod":2,"minecraft:obsidian":4,"minecraft:glow_berries":2,"minecraft:mutton":2,"minecraft:cod":1,"minecraft:emerald_ore":2,"minecraft:white_wool":1,"minecraft:cobblestone":632,"minecraft:stripped_oak_log":55,"minecraft:birch_log":137,"minecraft:yellow_shulker_box":1,"minecraft:leather":3,"minecraft:smoker":1,"minecraft:potato":5,"minecraft:crimson_fungus":1,"minecraft:tuff":1,"minecraft:golden_boots":1,"minecraft:lapis_lazuli":19,"minecraft:dirt":10,"minecraft:lantern":20,"minecraft:bone":2,"minecraft:bow":1,"minecraft:wheat_seeds":6,"minecraft:iron_ingot":8,"minecraft:glowstone_dust":1,"minecraft:moss_block":1,"minecraft:oak_planks":230,"minecraft:iron_sword":11,"minecraft:book":2,"minecraft:sweet_berries":74,"minecraft:dandelion":1,"minecraft:gravel":3,"minecraft:spruce_sapling":1,"minecraft:blast_furnace":2,"minecraft:spruce_log":119,"minecraft:dark_oak_log":66,"minecraft:spectral_arrow":2,"minecraft:shulker_box":1,"minecraft:stone_axe":2,"minecraft:iron_helmet":2,"minecraft:netherrack":54,"minecraft:coal":4,"minecraft:diamond_pickaxe":5},"minecraft:killed":{"minecraft:zombified_piglin":1,"minecraft:skeleton":3,"minecraft:piglin":10,"minecraft:pig":3,"minecraft:hoglin":2,"minecraft:sheep":1,"minecraft:zombie":6,"minecraft:cow":1},"minecraft:used":{"minecraft:moss_carpet":6,"minecraft:trident":47,"minecraft:writable_book":2,"minecraft:stone_sword":18,"minecraft:cracked_deepslate_bricks":9,"minecraft:red_concrete":2,"minecraft:bone_block":2,"minecraft:spruce_planks":27,"minecraft:green_banner":9,"minecraft:chest":6,"minecraft:iron_sword":15,"minecraft:zombie_spawn_egg":8,"minecraft:netherrack":29,"minecraft:dirt":4,"minecraft:shulker_box":1,"minecraft:snowball":22,"minecraft:obsidian":6,"minecraft:lime_banner":8,"minecraft:quartz_block":4,"minecraft:spawner":1,"minecraft:glowstone":55,"minecraft:lime_concrete":7,"minecraft:written_book":2,"minecraft:soul_soil":33,"minecraft:emerald_ore":1,"minecraft:water_bucket":1,"minecraft:yellow_banner":8,"minecraft:yellow_shulker_box":1,"minecraft:stone_pickaxe":24,"minecraft:lime_concrete_powder":1,"minecraft:wooden_pickaxe":17,"minecraft:deepslate_bricks":187,"minecraft:golden_apple":1,"minecraft:crafting_table":2,"minecraft:yellow_concrete":11,"minecraft:lime_shulker_box":1,"minecraft:deepslate_brick_stairs":332,"minecraft:nether_gold_ore":4,"minecraft:deepslate_tiles":820,"minecraft:oak_log":1,"minecraft:enderman_spawn_egg":11,"minecraft:green_concrete":9,"minecraft:diamond_pickaxe":2,"minecraft:apple":1,"minecraft:pig_spawn_egg":1,"minecraft:cherry_sign":1,"minecraft:spruce_sapling":1,"minecraft:deepslate":5,"minecraft:stone_axe":136,"minecraft:diamond_sword":8,"minecraft:cod_spawn_egg":1,"minecraft:porkchop":1,"minecraft:red_banner":4,"minecraft:husk_spawn_egg":2},"minecraft:crafted":{"minecraft:coal":9,"minecraft:furnace":3,"minecraft:stone_pickaxe":1,"minecraft:crafting_table":3,"minecraft:spruce_planks":12,"minecraft:wooden_pickaxe":1,"minecraft:birch_planks":36,"minecraft:stone_axe":1,"minecraft:stick":16,"minecraft:wooden_axe":1,"minecraft:iron_block":10,"minecraft:stone_sword":1},"minecraft:broken":{"minecraft:stone_axe":1},"minecraft:custom":{"minecraft:mob_kills":27,"minecraft:inspect_hopper":5,"minecraft:interact_with_crafting_table":11,"minecraft:open_shulker_box":13,"minecraft:leave_game":22,"minecraft:time_since_death":78449,"minecraft:climb_one_cm":974,"minecraft:sprint_one_cm":130781,"minecraft:walk_one_cm":284857,"minecraft:drop":271,"minecraft:damage_dealt_absorbed":80,"minecraft:play_time":854931,"minecraft:deaths":5,"minecraft:sneak_time":15661,"minecraft:walk_under_water_one_cm":34400,"minecraft:jump":1763,"minecraft:walk_on_water_one_cm":11919,"minecraft:total_world_time":854931,"minecraft:interact_with_furnace":4,"minecraft:time_since_rest":78469,"minecraft:damage_taken":3202,"minecraft:damage_absorbed":40,"minecraft:damage_dealt":4050,"minecraft:swim_one_cm":5033,"minecraft:fly_one_cm":1832881,"minecraft:open_chest":49,"minecraft:crouch_one_cm":20377,"minecraft:fall_one_cm":24768,"minecraft:horse_one_cm":2160},"minecraft:killed_by":{"minecraft:spider":1,"minecraft:skeleton":1}},"DataVersion":3465}