{"stats":{"minecraft:picked_up":{"minecraft:wooden_axe":1,"minecraft:iron_chestplate":26,"securitycraft:keypad_item":5,"minecraft:chainmail_boots":2,"minecraft:smithing_table":1,"minecraft:diamond_sword":18,"minecraft:potion":1,"minecraft:crimson_planks":178,"minecraft:golden_sword":1,"minecraft:string":40,"minecraft:soul_soil":11,"minecraft:smooth_stone_slab":2,"minecraft:iron_leggings":26,"minecraft:armor_stand":12,"minecraft:warped_hanging_sign":1,"minecraft:diamond_leggings":1,"minecraft:smooth_stone":1,"minecraft:gold_nugget":301,"minecraft:cobbled_deepslate":1445,"minecraft:spruce_planks":52,"minecraft:bucket":8,"minecraft:written_book":3,"minecraft:azalea":1,"minecraft:iron_pickaxe":56,"minecraft:enchanted_golden_apple":2,"minecraft:iron_boots":16,"minecraft:furnace":9,"minecraft:tipped_arrow":4,"minecraft:stick":42,"minecraft:birch_trapdoor":1,"minecraft:torch":56,"minecraft:porkchop":32,"minecraft:snow_block":19,"minecraft:music_disc_pigstep":3,"minecraft:pointed_dripstone":33,"minecraft:diorite":1,"minecraft:warped_planks":26,"minecraft:golden_chestplate":4,"minecraft:quartz_block":1,"minecraft:stone_sword":9,"minecraft:light_gray_bed":7,"minecraft:rotten_flesh":1211,"minecraft:iron_block":4,"minecraft:carved_pumpkin":11,"minecraft:glowstone":12,"minecraft:obsidian":61,"minecraft:iron_bars":3,"minecraft:snowball":163,"minecraft:cobblestone":1213,"minecraft:birch_log":23,"minecraft:magma_block":14,"minecraft:water_bucket":11,"minecraft:smoker":4,"minecraft:potato":22,"minecraft:flint":2,"minecraft:tuff":58,"minecraft:map":3,"minecraft:dirt":205,"minecraft:lantern":52,"minecraft:bone":44,"minecraft:bow":7,"minecraft:wheat_seeds":18,"minecraft:raw_gold":2,"minecraft:diamond_helmet":8,"minecraft:glowstone_dust":192,"minecraft:moss_block":27,"minecraft:oak_planks":33,"minecraft:cooked_porkchop":4,"minecraft:pig_spawn_egg":3,"minecraft:warped_wart_block":3,"minecraft:ink_sac":8,"minecraft:diamond_block":1,"minecraft:spectral_arrow":3,"minecraft:dark_oak_log":391,"minecraft:sugar":2,"minecraft:diamond":6,"minecraft:crossbow":5,"minecraft:granite":5,"minecraft:bone_meal":1,"minecraft:golden_apple":4,"minecraft:chainmail_helmet":2,"minecraft:bread":1,"minecraft:oak_sapling":31,"minecraft:netherrack":1545,"minecraft:crimson_roots":15,"minecraft:diamond_pickaxe":26,"minecraft:crafting_table":28,"minecraft:ladder":8,"minecraft:brown_mushroom":1,"minecraft:wooden_pickaxe":16,"minecraft:chain":1,"minecraft:shield":28,"minecraft:heavy_weighted_pressure_plate":2,"minecraft:moss_carpet":6,"minecraft:iron_axe":31,"minecraft:wooden_sword":1,"minecraft:flint_and_steel":4,"minecraft:item_frame":5,"minecraft:iron_shovel":3,"minecraft:blackstone":12,"minecraft:respawn_anchor":3,"minecraft:stripped_warped_stem":8,"minecraft:beef":11,"minecraft:oak_boat":6,"minecraft:poppy":1,"minecraft:spruce_slab":63,"minecraft:sugar_cane":5,"minecraft:chest":19,"minecraft:birch_sapling":2,"minecraft:lime_shulker_box":11,"minecraft:raw_iron":37,"minecraft:stone":11,"minecraft:copper_ingot":2,"minecraft:spruce_fence":2,"minecraft:quartz_pillar":10,"minecraft:stone_button":38,"minecraft:carrot":10,"minecraft:redstone":8,"minecraft:iron_horse_armor":1,"minecraft:dark_oak_planks":5,"minecraft:stone_shovel":8,"minecraft:arrow":49,"minecraft:weeping_vines":1,"minecraft:diamond_chestplate":3,"minecraft:shears":3,"minecraft:diamond_boots":1,"minecraft:saddle":2,"minecraft:gold_ingot":51,"minecraft:glow_berries":5,"minecraft:mutton":22,"minecraft:bone_block":33,"minecraft:white_wool":34,"minecraft:stripped_oak_log":239,"minecraft:yellow_shulker_box":10,"minecraft:crimson_stem":328,"minecraft:leather":26,"minecraft:birch_planks":1,"minecraft:filled_map":5,"securitycraft:sc_manual":4,"minecraft:oak_log":105,"minecraft:chainmail_chestplate":3,"minecraft:ancient_debris":5,"minecraft:cobblestone_wall":6,"minecraft:golden_boots":16,"minecraft:nether_wart_block":5,"minecraft:gunpowder":1,"minecraft:paper":12,"minecraft:cooked_mutton":1,"minecraft:apple":2,"minecraft:kelp":2,"minecraft:warped_stem":137,"minecraft:iron_ingot":193,"minecraft:stone_pickaxe":14,"minecraft:gray_bed":4,"minecraft:iron_sword":93,"minecraft:soul_sand":11,"minecraft:oak_slab":1,"minecraft:warped_fungus":2,"minecraft:dark_oak_slab":10,"minecraft:pumpkin":5,"minecraft:sweet_berries":4,"minecraft:quartz":317,"minecraft:dandelion":4,"minecraft:dripstone_block":2,"minecraft:gravel":32,"minecraft:lava_bucket":1,"minecraft:blast_furnace":7,"minecraft:white_bed":2,"minecraft:spruce_log":179,"minecraft:spider_eye":13,"minecraft:pumpkin_seeds":40,"minecraft:stone_axe":20,"minecraft:chainmail_leggings":2,"minecraft:iron_helmet":19,"minecraft:warped_roots":19,"minecraft:baked_potato":2,"minecraft:hopper":2,"minecraft:warped_nylium":34,"minecraft:coal":128,"minecraft:shulker_shell":2,"minecraft:ender_pearl":83},"minecraft:broken":{"minecraft:golden_boots":1,"minecraft:stone_pickaxe":1,"minecraft:golden_sword":2,"minecraft:iron_sword":1,"minecraft:golden_chestplate":1,"minecraft:wooden_pickaxe":1,"minecraft:iron_axe":2,"minecraft:iron_pickaxe":1},"minecraft:custom":{"minecraft:interact_with_crafting_table":162,"minecraft:open_shulker_box":109,"minecraft:leave_game":17,"minecraft:time_since_death":7478,"minecraft:damage_resisted":487,"minecraft:sprint_one_cm":685349,"minecraft:damage_blocked_by_shield":3735,"minecraft:drop":735,"minecraft:play_time":737786,"minecraft:deaths":51,"minecraft:jump":6052,"minecraft:walk_on_water_one_cm":172346,"minecraft:interact_with_furnace":53,"minecraft:sleep_in_bed":20,"minecraft:damage_dealt":34494,"minecraft:crouch_one_cm":47543,"minecraft:interact_with_smoker":1,"minecraft:horse_one_cm":611837,"minecraft:interact_with_smithing_table":1,"minecraft:mob_kills":165,"minecraft:inspect_hopper":1,"minecraft:climb_one_cm":71840,"minecraft:walk_one_cm":2260532,"minecraft:sneak_time":17888,"minecraft:walk_under_water_one_cm":292408,"minecraft:boat_one_cm":6199,"minecraft:interact_with_blast_furnace":16,"minecraft:total_world_time":737786,"minecraft:time_since_rest":7526,"minecraft:damage_absorbed":1077,"minecraft:damage_taken":20613,"minecraft:swim_one_cm":197270,"minecraft:fly_one_cm":566853,"minecraft:open_chest":320,"minecraft:fall_one_cm":186351},"minecraft:used":{"minecraft:moss_block":25,"minecraft:moss_carpet":4,"minecraft:writable_book":2,"minecraft:spruce_slab":73,"minecraft:ladder":21,"minecraft:bone_block":4,"minecraft:shield":108,"minecraft:chest":23,"minecraft:iron_sword":776,"minecraft:stone":28,"minecraft:rotten_flesh":45,"minecraft:iron_chestplate":20,"minecraft:mutton":7,"minecraft:soul_sand":4,"securitycraft:keypad_item":2,"minecraft:snowball":22,"minecraft:obsidian":28,"minecraft:lava_bucket":29,"minecraft:quartz_pillar":25,"minecraft:warped_hyphae":3,"minecraft:birch_sapling":1,"minecraft:lantern":15,"minecraft:warped_nylium":33,"minecraft:iron_helmet":14,"minecraft:dark_oak_slab":10,"minecraft:crimson_roots":11,"minecraft:golden_sword":64,"minecraft:item_frame":5,"minecraft:birch_trapdoor":4,"minecraft:magma_block":2,"minecraft:bow":60,"minecraft:written_book":7,"minecraft:sweet_berries":8,"minecraft:oak_sapling":3,"minecraft:furnace":9,"minecraft:gray_bed":2,"minecraft:potato":8,"minecraft:golden_boots":19,"minecraft:diorite":1,"minecraft:leather_leggings":1,"minecraft:diamond_boots":1,"minecraft:oak_planks":12,"minecraft:stone_pickaxe":304,"minecraft:ender_pearl":9,"minecraft:blackstone":12,"minecraft:leather_chestplate":1,"minecraft:wooden_pickaxe":2448,"minecraft:chainmail_helmet":2,"minecraft:respawn_anchor":1,"minecraft:glow_berries":2,"minecraft:golden_apple":3,"minecraft:white_wool":3,"minecraft:blast_furnace":2,"minecraft:crossbow":1,"minecraft:shears":6,"minecraft:stone_button":19,"minecraft:string":2,"minecraft:heavy_weighted_pressure_plate":2,"minecraft:bread":4,"minecraft:gravel":30,"minecraft:diamond_sword":120,"minecraft:nether_wart_block":5,"minecraft:wooden_sword":75,"minecraft:chainmail_boots":2,"minecraft:smithing_table":1,"minecraft:oak_boat":4,"minecraft:bone_meal":2,"minecraft:cobweb":4,"minecraft:iron_bars":16,"minecraft:stone_sword":9,"minecraft:flint_and_steel":5,"minecraft:carved_pumpkin":7,"minecraft:armor_stand":10,"minecraft:stone_shovel":116,"minecraft:spruce_planks":147,"minecraft:wooden_shovel":2,"minecraft:netherrack":520,"minecraft:torch":37,"minecraft:dirt":133,"minecraft:warped_wart_block":3,"minecraft:hopper":4,"minecraft:chainmail_chestplate":2,"minecraft:cobblestone_wall":65,"minecraft:diamond_helmet":8,"minecraft:golden_chestplate":1,"minecraft:granite":5,"minecraft:spruce_fence":1,"minecraft:wooden_axe":6,"minecraft:iron_axe":153,"minecraft:iron_boots":18,"minecraft:crimson_planks":135,"minecraft:diamond_chestplate":3,"minecraft:beef":7,"minecraft:soul_soil":4,"minecraft:light_gray_bed":5,"minecraft:pumpkin":6,"minecraft:cobbled_deepslate":370,"minecraft:enchanted_golden_apple":6,"minecraft:iron_leggings":18,"minecraft:pointed_dripstone":32,"minecraft:cooked_mutton":4,"minecraft:water_bucket":22,"minecraft:warped_stem":23,"minecraft:warped_hanging_sign":3,"minecraft:snow_block":17,"minecraft:yellow_shulker_box":7,"minecraft:baked_potato":4,"minecraft:brown_mushroom":1,"minecraft:leather_boots":1,"minecraft:warped_roots":16,"minecraft:oak_slab":4,"minecraft:crafting_table":25,"minecraft:spider_eye":4,"minecraft:white_bed":1,"minecraft:lime_shulker_box":7,"minecraft:warped_planks":51,"minecraft:smoker":2,"minecraft:oak_log":80,"minecraft:diamond_pickaxe":586,"minecraft:apple":2,"minecraft:iron_pickaxe":859,"minecraft:pig_spawn_egg":1,"minecraft:map":3,"minecraft:leather_helmet":1,"minecraft:stone_axe":43,"minecraft:cobblestone":244,"minecraft:porkchop":15,"minecraft:cooked_porkchop":21,"minecraft:bucket":53,"minecraft:stripped_oak_log":126,"minecraft:dandelion":2,"minecraft:splash_potion":1,"minecraft:smooth_stone":1,"minecraft:chainmail_leggings":2},"minecraft:crafted":{"minecraft:oak_planks":232,"minecraft:chain":2,"minecraft:stone":45,"minecraft:warped_hyphae":3,"minecraft:heavy_weighted_pressure_plate":1,"minecraft:shulker_box":1,"minecraft:quartz_pillar":20,"minecraft:cooked_mutton":4,"minecraft:iron_bars":16,"minecraft:warped_planks":92,"minecraft:hopper":4,"minecraft:quartz_block":20,"minecraft:bow":1,"minecraft:iron_boots":1,"minecraft:warped_hanging_sign":6,"minecraft:chest":25,"minecraft:golden_sword":2,"minecraft:golden_boots":4,"minecraft:oak_slab":6,"minecraft:wooden_shovel":1,"minecraft:cooked_porkchop":9,"minecraft:crafting_table":10,"minecraft:spruce_planks":200,"minecraft:wooden_pickaxe":4,"minecraft:iron_helmet":2,"minecraft:baked_potato":4,"minecraft:birch_planks":60,"minecraft:spectral_arrow":2,"minecraft:iron_chestplate":2,"minecraft:dark_oak_slab":6,"minecraft:book":1,"minecraft:paper":9,"minecraft:diamond_pickaxe":1,"minecraft:golden_leggings":1,"minecraft:yellow_dye":1,"minecraft:shield":6,"minecraft:stick":176,"minecraft:iron_ingot":75,"minecraft:iron_pickaxe":5,"minecraft:stone_sword":2,"minecraft:snow_block":22,"minecraft:gold_ingot":30,"securitycraft:sc_manual":1,"minecraft:shears":1,"minecraft:wooden_sword":2,"minecraft:stone_shovel":1,"minecraft:iron_nugget":36,"minecraft:furnace":4,"minecraft:stone_button":10,"minecraft:bone_meal":9,"minecraft:flint_and_steel":1,"minecraft:diamond":9,"minecraft:yellow_shulker_box":1,"minecraft:iron_axe":5,"minecraft:ladder":24,"minecraft:spruce_slab":42,"minecraft:stone_pickaxe":5,"minecraft:cobblestone_wall":60,"minecraft:diamond_boots":1,"minecraft:netherite_scrap":5,"minecraft:dark_oak_planks":48,"minecraft:sugar":8,"minecraft:crimson_planks":168,"minecraft:diamond_sword":1,"minecraft:iron_sword":6,"minecraft:bucket":3,"minecraft:glowstone":4,"minecraft:stone_axe":4,"minecraft:air":0,"minecraft:oak_boat":2,"minecraft:birch_trapdoor":4,"minecraft:wooden_axe":3,"minecraft:iron_leggings":2,"minecraft:armor_stand":2,"minecraft:white_bed":1,"minecraft:torch":36},"minecraft:killed":{"minecraft:cave_spider":1,"minecraft:zombified_piglin":2,"minecraft:spider":21,"minecraft:skeleton":13,"minecraft:piglin":1,"minecraft:pig":7,"minecraft:iron_golem":1,"minecraft:creeper":2,"minecraft:sheep":11,"minecraft:zombie":19,"minecraft:stray":2,"minecraft:cow":5,"minecraft:horse":1,"minecraft:drowned":20,"minecraft:snow_golem":2,"minecraft:hoglin":2,"minecraft:enderman":47},"minecraft:mined":{"minecraft:spruce_planks":35,"minecraft:oak_sapling":1,"minecraft:white_bed":1,"minecraft:obsidian":33,"minecraft:carved_pumpkin":4,"minecraft:cave_vines_plant":1,"minecraft:granite":5,"minecraft:grass_block":55,"minecraft:light_gray_bed":4,"minecraft:deepslate_bricks":2,"minecraft:soul_soil":6,"minecraft:smooth_stone":1,"minecraft:weeping_vines_plant":1,"minecraft:tall_seagrass":2,"minecraft:magma_block":13,"minecraft:glowstone":36,"minecraft:iron_ore":18,"minecraft:fire":58,"minecraft:cobbled_deepslate":110,"minecraft:moss_carpet":4,"minecraft:pointed_dripstone":19,"minecraft:flowering_azalea_leaves":1,"minecraft:iron_bars":1,"minecraft:azalea":1,"minecraft:spruce_slab":27,"minecraft:deepslate_redstone_ore":2,"minecraft:crimson_nylium":18,"minecraft:kelp_plant":1,"minecraft:smoker":2,"minecraft:soul_fire":2,"minecraft:torch":9,"minecraft:blast_furnace":2,"minecraft:poppy":1,"minecraft:chest":4,"minecraft:dead_bush":1,"minecraft:nether_quartz_ore":177,"minecraft:cobblestone":28,"minecraft:lime_shulker_box":6,"minecraft:oak_planks":1,"minecraft:wall_torch":14,"minecraft:seagrass":1,"minecraft:warped_nylium":2,"minecraft:dark_oak_slab":2,"minecraft:birch_log":6,"minecraft:nether_wart_block":4,"minecraft:warped_planks":1,"minecraft:wheat":3,"minecraft:smooth_stone_slab":2,"minecraft:grass":34,"minecraft:oak_log":11,"minecraft:dirt":36,"minecraft:crimson_planks":9,"minecraft:ancient_debris":1,"minecraft:netherrack":937,"minecraft:oak_leaves":25,"minecraft:deepslate":1836,"minecraft:nether_gold_ore":48,"minecraft:tuff":209,"minecraft:dark_oak_log":6,"minecraft:ladder":1,"minecraft:stone_button":1,"minecraft:spruce_fence":1,"minecraft:crimson_roots":11,"minecraft:spruce_leaves":1,"minecraft:moss_block":25,"minecraft:kelp":2,"minecraft:crimson_stem":3,"minecraft:heavy_weighted_pressure_plate":1,"minecraft:furnace":5,"minecraft:carrots":5,"minecraft:snow":97,"minecraft:potatoes":9,"minecraft:deepslate_iron_ore":19,"minecraft:respawn_anchor":1,"minecraft:lantern":30,"minecraft:warped_stem":4,"minecraft:stripped_oak_log":5,"minecraft:stone":468,"minecraft:bone_block":27,"minecraft:yellow_shulker_box":7,"minecraft:white_wool":3,"minecraft:podzol":11,"minecraft:flowering_azalea":1,"minecraft:soul_sand":6,"minecraft:snow_block":2,"minecraft:dandelion":3,"minecraft:crafting_table":16,"minecraft:warped_roots":6,"minecraft:rose_bush":1,"minecraft:tall_grass":4,"minecraft:deepslate_gold_ore":1,"minecraft:diorite":1,"minecraft:warped_wart_block":3,"minecraft:cobblestone_wall":5,"minecraft:birch_leaves":3,"minecraft:quartz_pillar":9,"minecraft:coal_ore":67,"minecraft:gravel":28,"minecraft:dripstone_block":2,"minecraft:cobweb":3,"minecraft:fern":6},"minecraft:killed_by":{"minecraft:creeper":2,"minecraft:drowned":2,"minecraft:piglin":2,"minecraft:witch":1,"minecraft:zombie":5,"minecraft:player":1,"minecraft:spider":5,"minecraft:enderman":1,"minecraft:hoglin":3,"minecraft:skeleton":18},"minecraft:dropped":{"minecraft:crimson_stem":2,"minecraft:iron_sword":75,"minecraft:warped_stem":1,"minecraft:soul_sand":3,"minecraft:moss_block":2,"minecraft:porkchop":6,"minecraft:oak_log":4,"minecraft:baked_potato":2,"minecraft:crafting_table":7,"minecraft:lime_shulker_box":2,"minecraft:cooked_porkchop":2,"minecraft:dark_oak_slab":6,"minecraft:crossbow":1,"minecraft:glow_berries":1,"minecraft:warped_roots":2,"minecraft:lantern":2,"minecraft:leather":1,"minecraft:iron_horse_armor":2,"minecraft:saddle":2,"minecraft:quartz_pillar":2,"minecraft:flint":1,"minecraft:dirt":7,"minecraft:stone_button":29,"minecraft:mutton":2,"minecraft:snowball":6,"minecraft:chain":1,"minecraft:wooden_sword":2,"minecraft:bone_meal":1,"minecraft:bone_block":2,"minecraft:sugar":2,"minecraft:iron_pickaxe":49,"minecraft:dark_oak_planks":5,"minecraft:birch_log":1,"minecraft:armor_stand":2,"minecraft:bone":7,"minecraft:gold_ingot":9,"minecraft:stone_axe":17,"minecraft:sugar_cane":5,"minecraft:diamond_block":1,"minecraft:cobbled_deepslate":424,"minecraft:pig_spawn_egg":2,"minecraft:birch_sapling":1,"minecraft:obsidian":2,"minecraft:rotten_flesh":1033,"minecraft:oak_planks":1,"minecraft:enchanted_golden_apple":1,"minecraft:glowstone_dust":3,"minecraft:cooked_mutton":1,"minecraft:white_bed":2,"minecraft:warped_planks":2,"securitycraft:keypad_item":2,"minecraft:shulker_shell":2,"minecraft:birch_trapdoor":1,"minecraft:heavy_weighted_pressure_plate":1,"minecraft:quartz_block":1,"minecraft:hopper":2,"minecraft:chest":14,"minecraft:ladder":3,"minecraft:spruce_slab":4,"minecraft:iron_bars":2,"minecraft:quartz":17,"minecraft:written_book":3,"minecraft:netherrack":62,"minecraft:crimson_planks":2,"minecraft:water_bucket":9,"minecraft:golden_boots":3,"minecraft:iron_ingot":18,"minecraft:oak_slab":2,"minecraft:wheat_seeds":11,"minecraft:smithing_table":1,"minecraft:iron_helmet":4,"minecraft:cobblestone":76,"minecraft:spectral_arrow":2,"minecraft:music_disc_pigstep":2,"minecraft:coal":4,"minecraft:stick":16,"minecraft:lava_bucket":1,"minecraft:ink_sac":2,"minecraft:torch":7,"minecraft:gray_bed":1,"minecraft:yellow_shulker_box":3,"minecraft:map":3,"minecraft:diamond_helmet":1,"minecraft:iron_leggings":2,"minecraft:pumpkin":1,"minecraft:iron_axe":29,"securitycraft:sc_manual":3,"minecraft:string":4,"minecraft:bucket":6,"minecraft:snow_block":4,"minecraft:furnace":4,"minecraft:moss_carpet":2,"minecraft:warped_nylium":1,"minecraft:soul_soil":1,"minecraft:stone_sword":6,"minecraft:cobblestone_wall":1,"minecraft:tuff":64,"minecraft:raw_iron":1,"minecraft:stone_shovel":4,"minecraft:iron_boots":7,"minecraft:smoker":1,"minecraft:stripped_oak_log":1,"minecraft:spruce_fence":1,"minecraft:shears":1,"minecraft:pumpkin_seeds":16,"minecraft:blast_furnace":4,"minecraft:filled_map":3,"minecraft:diamond_sword":9,"minecraft:potato":8,"minecraft:stone":4,"minecraft:shield":5,"minecraft:spruce_planks":20,"minecraft:diamond_pickaxe":20,"minecraft:iron_chestplate":6,"minecraft:light_gray_bed":1,"minecraft:oak_boat":1,"minecraft:oak_sapling":17,"minecraft:spider_eye":3,"minecraft:diamond_boots":1,"minecraft:stripped_warped_stem":1,"minecraft:bow":7,"minecraft:stone_pickaxe":10,"minecraft:wooden_pickaxe":15,"minecraft:raw_gold":1}},"DataVersion":3465}