{"stats":{"minecraft:picked_up":{"minecraft:crafting_table":12,"minecraft:iron_chestplate":1,"minecraft:wheat":3,"minecraft:clay_ball":72,"minecraft:stone_slab":1,"minecraft:wooden_pickaxe":1,"minecraft:gold_block":1,"minecraft:string":1,"minecraft:moss_carpet":12,"minecraft:raw_copper":20,"minecraft:iron_axe":3,"minecraft:flint_and_steel":1,"minecraft:iron_leggings":1,"minecraft:blue_orchid":1,"minecraft:deepslate_tiles":128,"minecraft:cobbled_deepslate":113,"minecraft:bucket":1,"minecraft:spruce_planks":300,"minecraft:beef":6,"minecraft:azalea":4,"minecraft:iron_pickaxe":2,"minecraft:chest":12,"minecraft:birch_sapling":12,"minecraft:furnace":5,"minecraft:iron_boots":3,"minecraft:golden_helmet":1,"minecraft:stick":22,"minecraft:raw_iron":141,"minecraft:jukebox":3,"minecraft:big_dripleaf":3,"minecraft:torch":63,"minecraft:porkchop":4,"minecraft:diorite":160,"minecraft:redstone":2,"minecraft:light_blue_bed":1,"minecraft:iron_horse_armor":1,"minecraft:arrow":18,"minecraft:rotten_flesh":53,"minecraft:tropical_fish":2,"minecraft:beetroot_seeds":4,"minecraft:saddle":1,"minecraft:obsidian":4,"minecraft:glow_berries":10,"minecraft:mutton":4,"minecraft:white_wool":10,"minecraft:cobblestone":1276,"minecraft:birch_log":106,"minecraft:magma_block":18,"minecraft:birch_leaves":121,"minecraft:andesite":48,"minecraft:salmon":3,"minecraft:leather":3,"minecraft:golden_leggings":1,"minecraft:potato":1,"minecraft:birch_planks":7,"securitycraft:sc_manual":1,"minecraft:flint":3,"minecraft:tuff":2,"minecraft:gunpowder":16,"minecraft:lapis_lazuli":85,"minecraft:dirt":352,"minecraft:cooked_mutton":6,"minecraft:bone":24,"minecraft:bow":3,"minecraft:wheat_seeds":9,"minecraft:raw_gold":9,"minecraft:iron_ingot":1,"minecraft:stone_pickaxe":1,"minecraft:diamond_helmet":1,"minecraft:glowstone_dust":1,"minecraft:moss_block":19,"minecraft:iron_sword":4,"minecraft:oak_planks":265,"minecraft:music_disc_13":4,"minecraft:sweet_berries":248,"minecraft:gravel":35,"minecraft:spruce_sapling":2,"minecraft:white_bed":3,"minecraft:spruce_log":380,"minecraft:spider_eye":1,"minecraft:shulker_box":5,"minecraft:diamond":14,"minecraft:stone_axe":1,"minecraft:granite":17,"minecraft:golden_horse_armor":1,"minecraft:netherrack":190,"minecraft:coal":903,"minecraft:diamond_pickaxe":3},"minecraft:broken":{"minecraft:shears":1,"minecraft:wooden_pickaxe":1,"minecraft:shield":1,"minecraft:iron_pickaxe":2},"minecraft:custom":{"minecraft:interact_with_anvil":6,"minecraft:mob_kills":63,"minecraft:interact_with_crafting_table":76,"minecraft:open_shulker_box":4,"minecraft:leave_game":8,"minecraft:time_since_death":48415,"minecraft:climb_one_cm":40998,"minecraft:sprint_one_cm":834031,"minecraft:walk_one_cm":950724,"minecraft:damage_blocked_by_shield":3165,"minecraft:drop":26,"minecraft:play_time":373968,"minecraft:deaths":6,"minecraft:sneak_time":16615,"minecraft:walk_under_water_one_cm":21036,"minecraft:jump":5579,"minecraft:walk_on_water_one_cm":37930,"minecraft:total_world_time":373968,"minecraft:interact_with_furnace":61,"minecraft:play_record":3,"minecraft:sleep_in_bed":8,"minecraft:time_since_rest":48450,"minecraft:damage_taken":4191,"minecraft:damage_absorbed":40,"minecraft:damage_dealt":9857,"minecraft:player_kills":1,"minecraft:swim_one_cm":36533,"minecraft:fly_one_cm":965997,"minecraft:open_chest":121,"minecraft:crouch_one_cm":49425,"minecraft:fall_one_cm":153816},"minecraft:used":{"minecraft:azalea":3,"minecraft:moss_block":15,"minecraft:stone_sword":23,"minecraft:flint_and_steel":30,"minecraft:tropical_fish":2,"minecraft:stone_shovel":96,"minecraft:ladder":6,"minecraft:chest":37,"minecraft:spruce_planks":566,"minecraft:shield":50,"minecraft:iron_sword":167,"minecraft:rotten_flesh":9,"minecraft:netherrack":9,"minecraft:torch":186,"minecraft:dirt":207,"minecraft:mutton":2,"minecraft:anvil":1,"minecraft:spruce_stairs":16,"minecraft:shulker_box":4,"minecraft:tuff":2,"minecraft:music_disc_13":3,"minecraft:obsidian":4,"minecraft:wooden_axe":2,"minecraft:iron_axe":78,"minecraft:birch_sapling":1,"minecraft:light_blue_bed":2,"minecraft:beef":4,"minecraft:sweet_berries":123,"minecraft:furnace":10,"minecraft:cooked_beef":22,"minecraft:cobbled_deepslate":65,"minecraft:cooked_mutton":5,"minecraft:birch_planks":19,"minecraft:stone_pickaxe":200,"minecraft:oak_planks":107,"minecraft:wooden_pickaxe":103,"minecraft:white_wool":3,"minecraft:salmon":3,"minecraft:golden_apple":1,"minecraft:glow_berries":11,"minecraft:crafting_table":15,"minecraft:white_bed":3,"minecraft:spruce_log":16,"minecraft:shears":235,"minecraft:diamond_pickaxe":1378,"minecraft:apple":25,"minecraft:bread":1,"minecraft:iron_pickaxe":539,"minecraft:stone_slab":1,"minecraft:spruce_trapdoor":1,"minecraft:gravel":16,"minecraft:spruce_sapling":1,"minecraft:stone_axe":31,"minecraft:cobblestone":764,"minecraft:jukebox":4,"minecraft:experience_bottle":3},"minecraft:crafted":{"minecraft:oak_planks":148,"minecraft:stone_shovel":1,"minecraft:jukebox":1,"minecraft:furnace":8,"minecraft:flint_and_steel":1,"minecraft:spruce_stairs":20,"minecraft:diamond_helmet":1,"minecraft:iron_boots":2,"minecraft:iron_axe":3,"minecraft:ladder":9,"minecraft:stone_pickaxe":3,"minecraft:chest":28,"minecraft:diamond_sword":1,"minecraft:crafting_table":6,"minecraft:spruce_planks":1456,"minecraft:wooden_pickaxe":3,"minecraft:iron_helmet":1,"minecraft:iron_sword":3,"minecraft:birch_planks":232,"minecraft:stone_axe":6,"minecraft:air":0,"minecraft:spruce_trapdoor":2,"minecraft:iron_chestplate":3,"minecraft:diamond_pickaxe":1,"minecraft:shield":3,"minecraft:stick":172,"minecraft:light_blue_dye":1,"minecraft:iron_ingot":105,"minecraft:iron_pickaxe":4,"minecraft:wooden_axe":2,"minecraft:light_blue_bed":1,"minecraft:iron_block":3,"minecraft:stone_sword":1,"minecraft:iron_leggings":3,"minecraft:gold_ingot":9,"minecraft:anvil":1,"minecraft:white_bed":1,"minecraft:torch":184,"minecraft:shears":1},"minecraft:killed":{"minecraft:spider":1,"minecraft:skeleton":10,"minecraft:pig":2,"minecraft:salmon":3,"minecraft:sheep":9,"minecraft:zombie":29,"minecraft:cow":4},"minecraft:mined":{"minecraft:diamond_ore":2,"minecraft:tuff":2,"minecraft:spruce_planks":28,"minecraft:white_bed":3,"minecraft:deepslate_diamond_ore":8,"minecraft:shulker_box":4,"minecraft:obsidian":4,"minecraft:cave_vines_plant":5,"minecraft:glow_lichen":1,"minecraft:granite":17,"minecraft:grass_block":168,"minecraft:spruce_leaves":45,"minecraft:moss_block":10,"minecraft:spawner":1,"minecraft:large_fern":1,"minecraft:magma_block":18,"minecraft:furnace":6,"minecraft:iron_ore":91,"minecraft:cobbled_deepslate":10,"minecraft:fire":3,"minecraft:andesite":48,"minecraft:moss_carpet":3,"minecraft:deepslate_lapis_ore":3,"minecraft:gold_block":1,"minecraft:cave_vines":11,"minecraft:deepslate_iron_ore":14,"minecraft:azalea":1,"minecraft:blue_orchid":1,"minecraft:stone":1048,"minecraft:brown_mushroom":1,"minecraft:clay":9,"minecraft:crafting_table":12,"minecraft:torch":7,"minecraft:chest":10,"minecraft:stone_slab":1,"minecraft:copper_ore":5,"minecraft:tall_grass":3,"minecraft:cobblestone":53,"minecraft:deepslate_coal_ore":4,"minecraft:lapis_ore":6,"minecraft:deepslate_gold_ore":9,"minecraft:oak_planks":35,"minecraft:diorite":137,"minecraft:wall_torch":14,"minecraft:birch_planks":8,"minecraft:light_blue_bed":1,"minecraft:birch_log":26,"minecraft:sweet_berry_bush":73,"minecraft:spruce_log":33,"minecraft:jukebox":3,"minecraft:birch_leaves":423,"minecraft:grass":10,"minecraft:coal_ore":443,"minecraft:gravel":33,"minecraft:dirt":109,"minecraft:netherrack":224,"minecraft:oak_leaves":1,"minecraft:deepslate":53,"minecraft:fern":11},"minecraft:killed_by":{"minecraft:skeleton":2,"minecraft:witch":1,"minecraft:zombie":1},"minecraft:dropped":{"minecraft:iron_sword":1,"minecraft:crafting_table":1,"minecraft:wooden_axe":1,"securitycraft:sc_manual":1,"minecraft:bone":6,"minecraft:stone_axe":4,"minecraft:sweet_berries":3,"minecraft:stone_sword":1,"minecraft:raw_copper":5,"minecraft:rotten_flesh":7,"minecraft:flint_and_steel":1,"minecraft:bow":1,"minecraft:wooden_pickaxe":1,"minecraft:stone_pickaxe":4}},"DataVersion":3465}